Ticker,Name,Sector,GICS Sub-Industry
0001.HK,CK HUTCHISON HOLDINGS LTD,Industrials,
0101.HK,HANG LUNG PROPERTIES LTD,Real Estate,
1038.HK,CHEUNG KONG INFRASTRUCTURE HOLDING,Utilities,
0011.HK,HANG SENG BANK LTD,Financials,
0083.HK,SINO LAND COMPANY LTD,Real Estate,
1113.HK,CK ASSET HOLDINGS LTD,Real Estate,
0012.HK,HENDERSON LAND DEVELOPMENT LTD,Real Estate,
1299.HK,AIA GROUP LTD,Financials,
1308.HK,SITC INTERNATIONAL HOLDINGS LTD,Industrials,
0016.HK,SUN HUNG KAI PROPERTIES LTD,Real Estate,
1605.T,INPEX CORP,Energy,
0017.HK,NEW WORLD DEVELOPMENT COMPANY LTD,Real Estate,
1801.T,TAISEI CORP,Industrials,
1802.T,OBAYASHI CORP,Industrials,
1803.T,SHIMIZU CORP,Industrials,
1812.T,KAJIMA CORP,Industrials,
1821.HK,ESR CAYMAN LTD,Real Estate,
1876.HK,BUDWEISER BREWING COMPANY APAC LTD,Consumer Staples,
1878.T,DAITO TRUST CONSTRUCTION LTD,Real Estate,
0019.HK,SWIRE PACIFIC LTD A,Real Estate,
1925.T,DAIWA HOUSE INDUSTRY LTD,Real Estate,
1928.HK,SANDS CHINA LTD,Consumer Discretionary,
1928.T,SEKISUI HOUSE LTD,Consumer Discretionary,
1929.HK,CHOW TAI FOOK JEWELLERY GROUP LTD,Consumer Discretionary,
1972.HK,SWIRE PROPERTIES LTD,Real Estate,
1997.HK,WHARF REAL ESTATE INVESTMENT COMPA,Real Estate,
1COV.DE,COVESTRO AG,Materials,
0002.HK,CLP HOLDINGS LTD,Utilities,
2002.T,NISSHIN SEIFUN GROUP INC,Consumer Staples,
2127.T,NIHON M&A CENTER INC,Industrials,
2181.T,PERSOL HOLDINGS LTD,Industrials,
2267.T,YAKULT HONSHA LTD,Consumer Staples,
2269.T,MEIJI HOLDINGS LTD,Consumer Staples,
2282.T,NH FOODS LTD,Consumer Staples,
2331.T,SOHGO SECURITY SERVICES LTD,Industrials,
2371.T,KAKAKU.COM INC,Communication,
2388.HK,BOC HONG KONG HOLDINGS LTD,Financials,
2413.T,M3 INC,Health Care,
2433.T,HAKUHODO DY HOLDINGS INC,Communication,
2502.T,ASAHI GROUP HOLDINGS LTD,Consumer Staples,
2503.T,KIRIN HOLDINGS LTD,Consumer Staples,
2587.T,SUNTORY BEVERAGE & FOOD LTD,Consumer Staples,
2593.T,ITO EN LTD,Consumer Staples,
2638.HK,HK ELECTRIC INVESTMENTS UNITS LTD,Utilities,
2651.T,LAWSON INC,Consumer Staples,
2670.T,ABC MART INC,Consumer Discretionary,
0027.HK,GALAXY ENTERTAINMENT GROUP LTD,Consumer Discretionary,
2702.T,MCDONALDS HOLDINGS (JAPAN) LTD,Consumer Discretionary,
2801.T,KIKKOMAN CORP,Consumer Staples,
2802.T,AJINOMOTO INC,Consumer Staples,
2875.T,TOYO SUISAN LTD,Consumer Staples,
0288.HK,WH GROUP LTD,Consumer Staples,
2897.T,NISSIN FOODS HOLDINGS LTD,Consumer Staples,
2914.T,JAPAN TOBACCO INC,Consumer Staples,
0003.HK,HONG KONG AND CHINA GAS LTD,Utilities,
3003.T,HULIC LTD,Real Estate,
3038.T,KOBE BUSSAN LTD,Consumer Staples,
3064.T,MONOTARO LTD,Industrials,
3092.T,ZOZO INC,Consumer Discretionary,
3141.T,WELCIA HOLDINGS LTD,Consumer Staples,
3231.T,NOMURA REAL ESTATE HOLDINGS INC,Real Estate,
3281.T,GLP J-REIT REIT,Real Estate,
3283.T,NIPPON PROLOGIS REIT INC,Real Estate,
3291.T,IIDA GROUP HOLDINGS LTD,Consumer Discretionary,
3349.T,COSMOS PHARMACEUTICAL CORP,Consumer Staples,
3382.T,SEVEN & I HOLDINGS LTD,Consumer Staples,
3391.T,TSURUHA HOLDINGS INC,Consumer Staples,
3402.T,TORAY INDUSTRIES INC,Materials,
3407.T,ASAHI KASEI CORP,Materials,
3436.T,SUMCO CORP,Information Technology,
3462.T,NOMURA REAL ESTATE MASTER FUND REI,Real Estate,
3626.T,TIS INC,Information Technology,
3635.T,KOEI TECMO HOLDINGS LTD,Communication,
3659.T,NEXON LTD,Communication,
3769.T,GMO PAYMENT GATEWAY INC,Information Technology,
3861.T,OJI HOLDINGS CORP,Materials,
0388.HK,HONG KONG EXCHANGES AND CLEARING L,Financials,
4005.T,SUMITOMO CHEMICAL LTD,Materials,
4021.T,NISSAN CHEMICAL CORP,Materials,
4042.T,TOSOH CORP,Materials,
4062.T,IBIDEN LTD,Information Technology,
4063.T,SHIN ETSU CHEMICAL LTD,Materials,
4091.T,NIPPON SANSO HOLDINGS CORP,Materials,
4151.T,KYOWA KIRIN LTD,Health Care,
4183.T,MITSUI CHEMICALS INC,Materials,
4185.T,JSR CORP,Materials,
4188.T,MITSUBISHI CHEMICAL CORP,Materials,
4204.T,SEKISUI CHEMICAL LTD,Consumer Discretionary,
4307.T,NOMURA RESEARCH INSTITUTE LTD,Information Technology,
4324.T,DENTSU GROUP INC,Communication,
4385.T,MERCARI INC,Consumer Discretionary,
4452.T,KAO CORP,Consumer Staples,
4502.T,TAKEDA PHARMACEUTICAL LTD,Health Care,
4503.T,ASTELLAS PHARMA INC,Health Care,
4506.T,DAINIPPON SUMITOMO PHARMA LTD,Health Care,
4507.T,SHIONOGI LTD,Health Care,
4516.T,NIPPON SHINYAKU LTD,Health Care,
4519.T,CHUGAI PHARMACEUTICAL LTD,Health Care,
4523.T,EISAI LTD,Health Care,
4528.T,ONO PHARMACEUTICAL LTD,Health Care,
4530.T,HISAMITSU PHARMACEUTICAL INC,Health Care,
4536.T,SANTEN PHARMACEUTICAL LTD,Health Care,
4543.T,TERUMO CORP,Health Care,
4568.T,DAIICHI SANKYO LTD,Health Care,
4578.T,OTSUKA HOLDINGS LTD,Health Care,
4581.T,TAISHO PHARMACEUTICAL HOLDINGS LTD,Health Care,
4587.T,PEPTIDREAM INC,Health Care,
4612.T,NIPPON PAINT HOLDINGS LTD,Materials,
4613.T,KANSAI PAINT LTD,Materials,
4661.T,ORIENTAL LAND LTD,Consumer Discretionary,
4684.T,OBIC LTD,Information Technology,
4689.T,Z HOLDINGS CORP,Communication,
4704.T,TREND MICRO INC,Information Technology,
4716.T,ORACLE JAPAN CORP,Information Technology,
4732.T,USS LTD,Consumer Discretionary,
4739.T,ITOCHU TECHNO-SOLUTIONS CORP,Information Technology,
4751.T,CYBER AGENT INC,Communication,
4755.T,RAKUTEN GROUP INC,Consumer Discretionary,
4768.T,OTSUKA CORP,Information Technology,
4901.T,FUJIFILM HOLDINGS CORP,Information Technology,
4911.T,SHISEIDO LTD,Consumer Staples,
4912.T,LION CORP,Consumer Staples,
4922.T,KOSE CORP,Consumer Staples,
4927.T,POLA ORBIS HOLDINGS INC,Consumer Staples,
4967.T,KOBAYASHI PHARMACEUTICAL LTD,Consumer Staples,
5019.T,IDEMITSU KOSAN LTD,Energy,
5020.T,ENEOS HOLDINGS INC,Energy,
5108.T,BRIDGESTONE CORP,Consumer Discretionary,
5201.T,AGC INC,Industrials,
5332.T,TOTO LTD,Industrials,
5333.T,NGK INSULATORS LTD,Industrials,
5401.T,NIPPON STEEL CORP,Materials,
5411.T,JFE HOLDINGS INC,Materials,
5486.T,HITACHI METALS LTD,Materials,
5713.T,SUMITOMO METAL MINING LTD,Materials,
5802.T,SUMITOMO ELECTRIC INDUSTRIES LTD,Consumer Discretionary,
5938.T,LIXIL CORP,Industrials,
5947.T,RINNAI CORP,Consumer Discretionary,
6.HK,POWER ASSETS HOLDINGS LTD,Utilities,
6005.T,MIURA LTD,Industrials,
6098.T,RECRUIT HOLDINGS LTD,Industrials,
6146.T,DISCO CORP,Information Technology,
6178.T,JAPAN POST HOLDINGS LTD,Financials,
6201.T,TOYOTA INDUSTRIES CORP,Consumer Discretionary,
6268.T,NABTESCO CORP,Industrials,
6273.T,SMC (JAPAN) CORP,Industrials,
6301.T,KOMATSU LTD,Industrials,
6305.T,HITACHI CONSTRUCTION MACHINERY LTD,Industrials,
6324.T,HARMONIC DRIVE SYSTEMS INC,Industrials,
6326.T,KUBOTA CORP,Industrials,
6367.T,DAIKIN INDUSTRIES LTD,Industrials,
6370.T,KURITA WATER INDUSTRIES LTD,Industrials,
6383.T,DAIFUKU LTD,Industrials,
6448.T,BROTHER INDUSTRIES LTD,Information Technology,
6465.T,HOSHIZAKI CORP,Industrials,
6471.T,NSK LTD,Industrials,
6479.T,MINEBEA MITSUMI INC,Industrials,
6481.T,THK LTD,Industrials,
6501.T,HITACHI LTD,Industrials,
6502.T,TOSHIBA CORP,Industrials,
6503.T,MITSUBISHI ELECTRIC CORP,Industrials,
6504.T,FUJI ELECTRIC LTD,Industrials,
6506.T,YASKAWA ELECTRIC CORP,Industrials,
6586.T,MAKITA CORP,Industrials,
6594.T,NIDEC CORP,Industrials,
66.HK,MTR CORPORATION CORP LTD,Industrials,
6645.T,OMRON CORP,Information Technology,
669.HK,TECHTRONIC INDUSTRIES LTD,Industrials,
6701.T,NEC CORP,Information Technology,
6702.T,FUJITSU LTD,Information Technology,
6723.T,RENESAS ELECTRONICS CORP,Information Technology,
6724.T,SEIKO EPSON CORP,Information Technology,
6752.T,PANASONIC CORP,Consumer Discretionary,
6753.T,SHARP CORP,Consumer Discretionary,
6758.T,SONY GROUP CORP,Consumer Discretionary,
6762.T,TDK CORP,Information Technology,
6806.T,HIROSE ELECTRIC LTD,Information Technology,
6823.HK,HKT TRUST AND HKT UNITS LTD,Communication,
6841.T,YOKOGAWA ELECTRIC CORP,Information Technology,
6845.T,AZBIL CORP,Information Technology,
6857.T,ADVANTEST CORP,Information Technology,
6861.T,KEYENCE CORP,Information Technology,
6869.T,SYSMEX CORP,Health Care,
6902.T,DENSO CORP,Consumer Discretionary,
6920.T,LASERTEC CORP,Information Technology,
6923.T,STANLEY ELECTRIC LTD,Consumer Discretionary,
6952.T,CASIO COMPUTER LTD,Consumer Discretionary,
6954.T,FANUC CORP,Industrials,
6963.T,ROHM LTD,Information Technology,
6965.T,HAMAMATSU PHOTONICS,Information Technology,
6971.T,KYOCERA CORP,Information Technology,
6981.T,MURATA MANUFACTURING LTD,Information Technology,
6988.T,NITTO DENKO CORP,Materials,
7011.T,MITSUBISHI HEAVY INDUSTRIES LTD,Industrials,
7181.T,JAPAN POST INSURANCE LTD,Financials,
7182.T,JAPAN POST BANK LTD,Financials,
7186.T,CONCORDIA FINANCIAL GROUP LTD,Financials,
7201.T,NISSAN MOTOR LTD,Consumer Discretionary,
7202.T,ISUZU MOTORS LTD,Consumer Discretionary,
7203.T,TOYOTA MOTOR CORP,Consumer Discretionary,
7205.T,HINO MOTORS LTD,Industrials,
7259.T,AISIN CORP,Consumer Discretionary,
7261.T,MAZDA MOTOR CORP,Consumer Discretionary,
7267.T,HONDA MOTOR LTD,Consumer Discretionary,
7269.T,SUZUKI MOTOR CORP,Consumer Discretionary,
7270.T,SUBARU CORP,Consumer Discretionary,
7272.T,YAMAHA MOTOR LTD,Consumer Discretionary,
7276.T,KOITO MANUFACTURING LTD,Consumer Discretionary,
7309.T,SHIMANO INC,Consumer Discretionary,
7453.T,RYOHIN KEIKAKU LTD,Consumer Discretionary,
7459.T,MEDIPAL HOLDINGS CORP,Health Care,
7532.T,PAN PACIFIC INTERNATIONAL HOLDINGS,Consumer Discretionary,
7701.T,SHIMADZU CORP,Information Technology,
7733.T,OLYMPUS CORP,Health Care,
7741.T,HOYA CORP,Health Care,
7747.T,ASAHI INTECC LTD,Health Care,
7751.T,CANON INC,Information Technology,
7752.T,RICOH LTD,Information Technology,
7832.T,BANDAI NAMCO HOLDINGS INC,Consumer Discretionary,
7911.T,TOPPAN PRINTING INC,Industrials,
7912.T,DAI NIPPON PRINTING LTD,Industrials,
7951.T,YAMAHA CORP,Consumer Discretionary,
7956.T,PIGEON CORP,Consumer Staples,
7974.T,NINTENDO LTD,Communication,
8001.T,ITOCHU CORP,Industrials,
8002.T,MARUBENI CORP,Industrials,
8015.T,TOYOTA TSUSHO CORP,Industrials,
8031.T,MITSUI LTD,Industrials,
8035.T,TOKYO ELECTRON LTD,Information Technology,
8053.T,SUMITOMO CORP,Industrials,
8058.T,MITSUBISHI CORP,Industrials,
8113.T,UNICHARM CORP,Consumer Staples,
0823.HK,LINK REAL ESTATE INVESTMENT TRUST,Real Estate,
8267.T,AEON LTD,Consumer Staples,
83.HK,SINO LAND LTD,Real Estate,
8306.T,MITSUBISHI UFJ FINANCIAL GROUP INC,Financials,
8308.T,RESONA HOLDINGS INC,Financials,
8309.T,SUMITOMO MITSUI TRUST HOLDINGS INC,Financials,
8316.T,SUMITOMO MITSUI FINANCIAL GROUP IN,Financials,
8331.T,CHIBA BANK LTD,Financials,
8355.T,SHIZUOKA BANK LTD,Financials,
8411.T,MIZUHO FINANCIAL GROUP INC,Financials,
8473.T,SBI HOLDINGS INC,Financials,
8591.T,ORIX CORP,Financials,
8593.T,MITSUBISHI HC CAPITAL INC,Financials,
8601.T,DAIWA SECURITIES GROUP INC,Financials,
8604.T,NOMURA HOLDINGS INC,Financials,
8630.T,SOMPO HOLDINGS INC,Financials,
868.HK,XINYI GLASS HOLDINGS LTD,Industrials,
8697.T,JAPAN EXCHANGE GROUP INC,Financials,
8725.T,MS&AD INSURANCE GROUP HOLDINGS INC,Financials,
8750.T,DAI-ICHI LIFE HOLDINGS INC,Financials,
8766.T,TOKIO MARINE HOLDINGS INC,Financials,
8795.T,T&D HOLDINGS INC,Financials,
880.HK,SJM HLDGS LTD,Consumer Discretionary,
8801.T,MITSUI FUDOSAN LTD,Real Estate,
8802.T,MITSUBISHI ESTATE CO LTD,Real Estate,
8830.T,SUMITOMO REALTY & DEVELOPMENT LTD,Real Estate,
8951.T,NIPPON BUILDING FUND REIT INC,Real Estate,
8952.T,JAPAN REAL ESTATE INVESTMENT TRUST,Real Estate,
8953.T,JAPAN METROPOLITAN FUND INVESTMENT,Real Estate,
8954.T,ORIX JREIT REIT INC,Real Estate,
8960.T,UNITED URBAN INVESTMENT REIT CORP,Real Estate,
8984.T,DAIWA HOUSE REIT CORP,Real Estate,
9001.T,TOBU RAILWAY LTD,Industrials,
9005.T,TOKYU CORP,Industrials,
9007.T,ODAKYU ELECTRIC RAILWAY LTD,Industrials,
9008.T,KEIO CORP,Industrials,
9009.T,KEISEI ELECTRIC RAILWAY LTD,Industrials,
9020.T,EAST JAPAN RAILWAY,Industrials,
9021.T,WEST JAPAN RAILWAY,Industrials,
9022.T,CENTRAL JAPAN RAILWAY,Industrials,
9041.T,KINTETSU GROUP HOLDINGS LTD,Industrials,
9042.T,HANKYU HANSHIN HOLDINGS INC,Industrials,
9062.T,NIPPON EXPRESS LTD,Industrials,
9064.T,YAMATO HOLDINGS LTD,Industrials,
9101.T,NIPPON YUSEN,Industrials,
9143.T,SG HOLDINGS LTD,Industrials,
9201.T,JAPAN AIRLINES LTD,Industrials,
9202.T,ANA HOLDINGS INC,Industrials,
9432.T,NIPPON TELEGRAPH AND TELEPHONE COR,Communication,
9433.T,KDDI CORP,Communication,
9434.T,SOFTBANK CORP,Communication,
9435.T,HIKARI TSUSHIN INC,Consumer Discretionary,
9501.T,TOKYO ELECTRIC POWER HOLDINGS INC,Utilities,
9502.T,CHUBU ELECTRIC POWER INC,Utilities,
9503.T,KANSAI ELECTRIC POWER INC,Utilities,
9506.T,TOHOKU ELECTRIC POWER INC,Utilities,
9531.T,TOKYO GAS LTD,Utilities,
9532.T,OSAKA GAS LTD,Utilities,
9533.T,TOHO GAS LTD,Utilities,
9602.T,TOHO (TOKYO) LTD,Communication,
9613.T,NTT DATA CORP,Information Technology,
9684.T,SQUARE ENIX HLDG LTD,Communication,
9697.T,CAPCOM LTD,Communication,
9719.T,SCSK CORP,Information Technology,
9735.T,SECOM LTD,Industrials,
9766.T,KONAMI HOLDINGS CORP,Communication,
9831.T,YAMADA HOLDINGS LTD,Consumer Discretionary,
9843.T,NITORI HOLDINGS LTD,Consumer Discretionary,
9962.T,MISUMI GROUP INC,Industrials,
9983.T,FAST RETAILING LTD,Consumer Discretionary,
9984.T,SOFTBANK GROUP CORP,Communication,
A,AGILENT TECHNOLOGIES INC,Health Care,
A17U.SI,ASCENDAS REAL ESTATE INVESTMENT TR,Real Estate,
AAL.L,ANGLO AMERICAN PLC,Materials,
AAP,ADVANCE AUTO PARTS INC,Consumer Discretionary,
AAPL,APPLE INC,Information Technology,
ABBN.SW,ABB LTD,Industrials,
ABBV,ABBVIE INC,Health Care,
ABC,AMERISOURCEBERGEN CORP,Health Care,
ABDN.L,ABRDN PLC,Financials,
ABF.L,ASSOCIATED BRITISH FOODS PLC,Consumer Staples,
ABI.BR,ANHEUSER BUSCH INBEV SA,Consumer Staples,
ABMD,ABIOMED INC,Health Care,
ABN.AS,ABN AMRO BANK NV,Financials,
ABNB,AIRBNB INC CLASS A,Consumer Discretionary,
ABT,ABBOTT LABORATORIES,Health Care,
ABX.TO,BARRICK GOLD CORP,Materials,
AC.PA,ACCOR SA,Consumer Discretionary,
AC.TO,AIR CANADA VOTING AND VARIABLE VOT,Industrials,
ACA.PA,CREDIT AGRICOLE SA,Financials,
ACGL,ARCH CAPITAL GROUP LTD,Financials,
ACN,ACCENTURE PLC CLASS A,Information Technology,
ACO.X.TO,ATCO LTD CLASS I,Utilities,
ACS.MC,ACS ACTIVIDADES DE CONSTRUCCION Y,Industrials,
AD.AS,KONINKLIJKE AHOLD DELHAIZE NV,Consumer Staples,
ADBE,ADOBE INC,Information Technology,
ADE.OL,ADEVINTA,Communication,
ADEN.SW,ADECCO GROUP AG,Industrials,
ADI,ANALOG DEVICES INC,Information Technology,
ADM,ARCHER DANIELS MIDLAND,Consumer Staples,
ADM.L,ADMIRAL GROUP PLC,Financials,
ADP,AUTOMATIC DATA PROCESSING INC,Information Technology,
ADP.PA,AEROPORTS DE PARIS SA,Industrials,
ADS.DE,ADIDAS N AG,Consumer Discretionary,
ADSK,AUTODESK INC,Information Technology,
ADYEN.AS,ADYEN NV,Information Technology,
AEE,AMEREN CORP,Utilities,
AEM.TO,AGNICO EAGLE MINES LTD,Materials,
AENA.MC,AENA SME SA,Industrials,
AEP,AMERICAN ELECTRIC POWER INC,Utilities,
AES,AES CORP,Utilities,
AFG,AMERICAN FINANCIAL GROUP INC,Financials,
AFL,AFLAC INC,Financials,
AFX.DE,CARL ZEISS MEDITEC AG,Health Care,
AGL.AX,AGL ENERGY LTD,Utilities,
AGN.AS,AEGON NV,Financials,
AGNC,AGNC INVESTMENT REIT CORP,Financials,
AGS.BR,AGEAS SA,Financials,
AHT.L,ASHTEAD GROUP PLC,Industrials,
AI.PA,LAIR LIQUIDE SOCIETE ANONYME POUR,Materials,
AIA.NZ,AUCKLAND INTERNATIONAL AIRPORT LTD,Industrials,
AIG,AMERICAN INTERNATIONAL GROUP INC,Financials,
AIR.AS,AIRBUS GROUP,Industrials,
AIZ,ASSURANT INC,Financials,
AJG,ARTHUR J GALLAGHER,Financials,
AKAM,AKAMAI TECHNOLOGIES INC,Information Technology,
AKE.PA,ARKEMA SA,Materials,
AKZA.AS,AKZO NOBEL NV,Materials,
ALA.TO,ALTAGAS LTD,Utilities,
ALB,ALBEMARLE CORP,Materials,
ALC.SW,ALCON AG,Health Care,
ALD.AX,AMPOL LTD,Energy,
ALFA.ST,ALFA LAVAL,Industrials,
ALGN,ALIGN TECHNOLOGY INC,Health Care,
ALL,ALLSTATE CORP,Financials,
ALL.AX,ARISTOCRAT LEISURE LTD,Consumer Discretionary,
ALLE,ALLEGION PLC,Industrials,
ALLY,ALLY FINANCIAL INC,Financials,
ALNY,ALNYLAM PHARMACEUTICALS INC,Health Care,
ALO.PA,ALSTOM SA,Industrials,
ALV,AUTOLIV INC,Consumer Discretionary,
ALV.DE,ALLIANZ,Financials,
AM.PA,DASSAULT AVIATION SA,Industrials,
AMAT,APPLIED MATERIAL INC,Information Technology,
AMBU-B.CO,AMBU CLASS B,Health Care,
AMC,AMC ENTERTAINMENT HOLDINGS INC CLA,Communication,
AMCR,AMCOR PLC,Materials,
AMD,ADVANCED MICRO DEVICES INC,Information Technology,
AME,AMETEK INC,Industrials,
AMGN,AMGEN INC,Health Care,
AMP,AMERIPRISE FINANCE INC,Financials,
AMP.MI,AMPLIFON,Health Care,
AMS.MC,AMADEUS IT GROUP SA,Information Technology,
AMT,AMERICAN TOWER REIT CORP,Real Estate,
AMUN.PA,AMUNDI SA,Financials,
AMZN,AMAZON COM INC,Consumer Discretionary,
ANET,ARISTA NETWORKS INC,Information Technology,
ANSS,ANSYS INC,Information Technology,
ANTM,ANTHEM INC,Health Care,
ANTO.L,ANTOFAGASTA PLC,Materials,
ANZ.AX,AUSTRALIA AND NEW ZEALAND BANKING,Financials,
AON,AON PLC CLASS A,Financials,
AOS,A O SMITH CORP,Industrials,
APA.AX,APA GROUP UNITS,Utilities,
APD,AIR PRODUCTS AND CHEMICALS INC,Materials,
APH,AMPHENOL CORP CLASS A,Information Technology,
APO,APOLLO GLOBAL MANAGEMENT INC CLASS,Financials,
APT.AX,AFTERPAY LTD,Information Technology,
APTV,APTIV PLC,Consumer Discretionary,
AQN.TO,ALGONQUIN POWER UTILITIES CORP,Utilities,
ARE,ALEXANDRIA REAL ESTATE EQUITIES RE,Real Estate,
ARGX.AS,ARGENX,Health Care,
ARMK,ARAMARK,Consumer Discretionary,
ARW,ARROW ELECTRONICS INC,Information Technology,
ASM.AS,ASM INTERNATIONAL NV,Information Technology,
ASML.AS,ASML HOLDING NV,Information Technology,
ASSA-B.ST,ASSA ABLOY B,Industrials,
AST.AX,AUSNET SERVICES,Utilities,
ASX.AX,ASX LTD,Financials,
AT1.DE,AROUNDTOWN SA,Real Estate,
ATCO-A.ST,ATLAS COPCO CLASS A,Industrials,
ATCO-B.ST,ATLAS COPCO CLASS B,Industrials,
ATD-B.TO,ALIMENTATION COUCHE TARD SUB VOTIN,Consumer Staples,
ATH,ATHENE HOLDING LTD CLASS A,Financials,
ATL.MI,ATLANTIA,Industrials,
ATM.NZ,THE A2 MILK COMPANY LTD,Consumer Staples,
ATO,ATMOS ENERGY CORP,Utilities,
ATO.PA,ATOS,Information Technology,
ATUS,ALTICE USA INC CLASS A,Communication,
ATVI,ACTIVISION BLIZZARD INC,Communication,
AUTO.L,AUTO TRADER GROUP PLC,Communication,
AV.L,AVIVA PLC,Financials,
AVB,AVALONBAY COMMUNITIES REIT INC,Real Estate,
AVGO,BROADCOM INC,Information Technology,
AVLR,AVALARA INC,Information Technology,
AVTR,AVANTOR INC,Health Care,
AVV.L,AVEVA GROUP PLC,Information Technology,
AVY,AVERY DENNISON CORP,Materials,
AWK,AMERICAN WATER WORKS INC,Utilities,
AXP,AMERICAN EXPRESS,Financials,
AZJ.AX,AURIZON HOLDINGS LTD,Industrials,
AZN.L,ASTRAZENECA PLC,Health Care,
AZO,AUTOZONE INC,Consumer Discretionary,
AZRG.TA,AZRIELI GROUP LTD,Real Estate,
BA,BOEING,Industrials,
BA.L,BAE SYSTEMS PLC,Industrials,
BAC,BANK OF AMERICA CORP,Financials,
BAER.SW,JULIUS BAER GRUPPE AG,Financials,
BAH,BOOZ ALLEN HAMILTON HOLDING CORP C,Industrials,
BALD-B.ST,FASTIGHETS BALDER B,Real Estate,
BALN.SW,BALOISE HOLDING AG,Financials,
BAM.A.TO,BROOKFIELD ASSET MANAGEMENT INC CL,Financials,
BARC.L,BARCLAYS PLC,Financials,
BARN.SW,BARRY CALLEBAUT AG,Consumer Staples,
BAS.DE,BASF N,Materials,
BATS.L,BRITISH AMERICAN TOBACCO PLC,Consumer Staples,
BAX,BAXTER INTERNATIONAL INC,Health Care,
BAYN.DE,BAYER AG,Health Care,
BB.TO,BLACKBERRY LTD,Information Technology,
BBVA.MC,BANCO BILBAO VIZCAYA ARGENTARIA SA,Financials,
BBWI,BATH AND BODY WORKS INC,Consumer Discretionary,
BBY,BEST BUY INC,Consumer Discretionary,
BC8.DE,BECHTLE AG,Information Technology,
BCE.TO,BCE INC,Communication,
BCVN.SW,BC VAUD N,Financials,
BDEV.L,BARRATT DEVELOPMENTS,Consumer Discretionary,
BDX,BECTON DICKINSON,Health Care,
BEI.DE,BEIERSDORF AG,Consumer Staples,
BEN,FRANKLIN RESOURCES INC,Financials,
BEPC.TO,BROOKFIELD RENEWABLE SUBORDINATE V,Utilities,
BFB,BROWN FORMAN CORP CLASS B,Consumer Staples,
BG,BUNGE LTD,Consumer Staples,
BHC.TO,BAUSCH HEALTH COMPANIES INC,Health Care,
BHP.AX,BHP GROUP LTD,Materials,
BHP.L,BHP GROUP PLC,Materials,
BIIB,BIOGEN INC,Health Care,
BIM.PA,BIOMERIEUX SA,Health Care,
BIO,BIO RAD LABORATORIES INC CLASS A,Health Care,
BK,BANK OF NEW YORK MELLON CORP,Financials,
BKG.L,BERKELEY GROUP HOLDINGS (THE) PLC,Consumer Discretionary,
BKI,BLACK KNIGHT INC,Information Technology,
BKNG,BOOKING HOLDINGS INC,Consumer Discretionary,
BKR,BAKER HUGHES CLASS A,Energy,
BLDP.TO,BALLARD POWER SYSTEMS INC,Industrials,
BLK,BLACKROCK INC,Financials,
BLL,BALL CORP,Materials,
BLND.L,BRITISH LAND REIT PLC,Real Estate,
BMO.TO,BANK OF MONTREAL,Financials,
BMRN,BIOMARIN PHARMACEUTICAL INC,Health Care,
BMW.DE,BMW AG,Consumer Discretionary,
BMW3.DE,BMW PREF AG,Consumer Discretionary,
BMY,BRISTOL MYERS SQUIBB,Health Care,
BN.PA,DANONE SA,Consumer Staples,
BN4.SI,KEPPEL LTD,Industrials,
BNP.PA,BNP PARIBAS SA,Financials,
BNR.DE,BRENNTAG,Industrials,
BNS.TO,BANK OF NOVA SCOTIA,Financials,
BNZL.L,BUNZL,Industrials,
BOL.PA,BOLLORE,Communication,
BOL.ST,BOLIDEN,Materials,
BP.L,BP PLC,Energy,
BR,BROADRIDGE FINANCIAL SOLUTIONS INC,Information Technology,
BRBY.L,BURBERRY GROUP PLC,Consumer Discretionary,
BRKB,BERKSHIRE HATHAWAY INC CLASS B,Financials,
BRO,BROWN & BROWN INC,Financials,
BSL.AX,BLUESCOPE STEEL LTD,Materials,
BSX,BOSTON SCIENTIFIC CORP,Health Care,
BSY,BENTLEY SYSTEMS INC CLASS B,Information Technology,
BT-A.L,BT GROUP PLC,Communication,
BTO.TO,B2GOLD CORP,Materials,
BURL,BURLINGTON STORES INC,Consumer Discretionary,
BVI.PA,BUREAU VERITAS SA,Industrials,
BWA,BORGWARNER INC,Consumer Discretionary,
BX,BLACKSTONE INC,Financials,
BXB.AX,BRAMBLES LTD,Industrials,
BXP,BOSTON PROPERTIES REIT INC,Real Estate,
C,CITIGROUP INC,Financials,
C38U.SI,CAPITALAND INTEGRATED COMMERCIAL T,Real Estate,
C6L.SI,SINGAPORE AIRLINES LTD,Industrials,
CA.PA,CARREFOUR SA,Consumer Staples,
CABK.MC,CAIXABANK SA,Financials,
CABO,CABLE ONE INC,Communication,
CAE.TO,CAE INC,Industrials,
CAG,CONAGRA BRANDS INC,Consumer Staples,
CAH,CARDINAL HEALTH INC,Health Care,
CAP.PA,CAPGEMINI,Information Technology,
CAR-UN.TO,CANADIAN APARTMENT PROPERTIES REAL,Real Estate,
CARL-B.CO,CARLSBERG AS CL B,Consumer Staples,
CARR,CARRIER GLOBAL CORP,Industrials,
CAT,CATERPILLAR INC,Industrials,
CB,CHUBB LTD,Financials,
CBA.AX,COMMONWEALTH BANK OF AUSTRALIA,Financials,
CBK.DE,COMMERZBANK AG,Financials,
CBOE,CBOE GLOBAL MARKETS INC,Financials,
CBRE,CBRE GROUP INC CLASS A,Real Estate,
CCEP.L,COCA COLA EUROPACIFIC PARTNERS PLC,Consumer Staples,
CCH.SW,COCA COLA HBC AG,Consumer Staples,
CCI,CROWN CASTLE INTERNATIONAL REIT CO,Real Estate,
CCK,CROWN HOLDINGS INC,Materials,
CCL,CARNIVAL CORP,Consumer Discretionary,
CCL-B.TO,CCL INDUSTRIES INC CLASS B,Materials,
CCO.TO,CAMECO CORP,Energy,
CDAY,CERIDIAN HCM HOLDING INC,Information Technology,
CDNS,CADENCE DESIGN SYSTEMS INC,Information Technology,
CDW,CDW CORP,Information Technology,
CE,CELANESE CORP,Materials,
CERN,CERNER CORP,Health Care,
CF,CF INDUSTRIES HOLDINGS INC,Materials,
CFG,CITIZENS FINANCIAL GROUP INC,Financials,
CFR.SW,COMPAGNIE FINANCIERE RICHEMONT SA,Consumer Discretionary,
CG,CARLYLE GROUP INC,Financials,
CGNX,COGNEX CORP,Information Technology,
CHD,CHURCH AND DWIGHT INC,Consumer Staples,
CHKP,CHECK POINT SOFTWARE TECHNOLOGIES,Information Technology,
CHR.CO,CHR HANSEN HOLDING,Materials,
CHRW,CH ROBINSON WORLDWIDE INC,Industrials,
CHTR,CHARTER COMMUNICATIONS INC CLASS A,Communication,
CHWY,CHEWY INC CLASS A,Consumer Discretionary,
CI,CIGNA CORP,Health Care,
CINF,CINCINNATI FINANCIAL CORP,Financials,
CL,COLGATE-PALMOLIVE,Consumer Staples,
CLI-SP-Equity.SI,CAPITALAND INVESTMENT LTD,Financials,
CLN.SW,CLARIANT AG,Materials,
CLNX.MC,CELLNEX TELECOM SA,Communication,
CLVT,CLARIVATE PLC,Industrials,
CLX,CLOROX,Consumer Staples,
CM.TO,CANADIAN IMPERIAL BANK OF COMMERCE,Financials,
CMCSA,COMCAST CORP CLASS A,Communication,
CME,CME GROUP INC CLASS A,Financials,
CMG,CHIPOTLE MEXICAN GRILL INC,Consumer Discretionary,
CMI,CUMMINS INC,Industrials,
CMS,CMS ENERGY CORP,Utilities,
CNC,CENTENE CORP,Health Care,
CNHI.AS,CNH INDUSTRIAL NV,Industrials,
CNP,CENTERPOINT ENERGY INC,Utilities,
CNP.PA,CNP ASSURANCES SA,Financials,
CNQ.TO,CANADIAN NATURAL RESOURCES LTD,Energy,
CNR.TO,CANADIAN NATIONAL RAILWAY,Industrials,
COF,CAPITAL ONE FINANCIAL CORP,Financials,
COH.AX,COCHLEAR LTD,Health Care,
COL.AX,COLES GROUP LTD,Consumer Staples,
COLO-B.CO,COLOPLAST B,Health Care,
COLR.BR,ETABLISSEMENTEN FRANZ COLRUYT NV,Consumer Staples,
CON.DE,CONTINENTAL AG,Consumer Discretionary,
COO,COOPER INC,Health Care,
COP,CONOCOPHILLIPS,Energy,
COST,COSTCO WHOLESALE CORP,Consumer Staples,
COUP,COUPA SOFTWARE INC,Information Technology,
COV.PA,COVIVIO SA,Real Estate,
CP.TO,CANADIAN PACIFIC RAILWAY LTD,Industrials,
CPB,CAMPBELL SOUP,Consumer Staples,
CPG.L,COMPASS GROUP PLC,Consumer Discretionary,
CPR.MI,DAVIDE CAMPARI MILANO NV,Consumer Staples,
CPRT,COPART INC,Industrials,
CPT,CAMDEN PROPERTY TRUST REIT,Real Estate,
CPU.AX,COMPUTERSHARE LTD,Information Technology,
CRDA.L,CRODA INTERNATIONAL PLC,Materials,
CRG,CRH PLC,Materials,
CRL,CHARLES RIVER LABORATORIES INTERNA,Health Care,
CRM,SALESFORCE.COM INC,Information Technology,
CRWD,CROWDSTRIKE HOLDINGS INC CLASS A,Information Technology,
CS.PA,AXA SA,Financials,
CSCO,CISCO SYSTEMS INC,Information Technology,
CSGN.SW,CREDIT SUISSE GROUP AG,Financials,
CSGP,COSTAR GROUP INC,Industrials,
CSL.AX,CSL LTD,Health Care,
CSU.TO,CONSTELLATION SOFTWARE INC,Information Technology,
CSX,CSX CORP,Industrials,
CTAS,CINTAS CORP,Industrials,
CTC.A.TO,CANADIAN TIRE LTD CLASS A,Consumer Discretionary,
CTLT,CATALENT INC,Health Care,
CTSH,COGNIZANT TECHNOLOGY SOLUTIONS COR,Information Technology,
CTVA,CORTEVA INC,Materials,
CTXS,CITRIX SYSTEMS INC,Information Technology,
CU.TO,CANADIAN UTILITIES LTD CLASS A,Utilities,
CVE.TO,CENOVUS ENERGY INC,Energy,
CVNA,CARVANA CLASS A,Consumer Discretionary,
CVS,CVS HEALTH CORP,Health Care,
CVX,CHEVRON CORP,Energy,
CWN.AX,CROWN RESORTS LTD,Consumer Discretionary,
CYBR.TA,CYBER ARK SOFTWARE LTD,Information Technology,
CZR,CAESARS ENTERTAINMENT INC,Consumer Discretionary,
D,DOMINION ENERGY INC,Utilities,
D05.SI,DBS GROUP HOLDINGS LTD,Financials,
DAI.DE,DAIMLER AG,Consumer Discretionary,
DAL,DELTA AIR LINES INC,Industrials,
DANSKE.CO,DANSKE BANK,Financials,
DASH,DOORDASH INC CLASS A,Consumer Discretionary,
DB1.DE,DEUTSCHE BOERSE AG,Financials,
DBK.DE,DEUTSCHE BANK AG,Financials,
DBX,DROPBOX INC CLASS A,Information Technology,
DCC,DCC PLC,Industrials,
DD,DUPONT DE NEMOURS INC,Materials,
DDOG,DATADOG INC CLASS A,Information Technology,
DE,DEERE,Industrials,
DELL,DELL TECHNOLOGIES INC CLASS C,Information Technology,
DEMANT.CO,DEMANT,Health Care,
DFS,DISCOVER FINANCIAL SERVICES,Financials,
DG,DOLLAR GENERAL CORP,Consumer Discretionary,
DG.PA,VINCI SA,Industrials,
DGE.L,DIAGEO PLC,Consumer Staples,
DGX,QUEST DIAGNOSTICS INC,Health Care,
DHER.DE,DELIVERY HERO,Consumer Discretionary,
DHI,D R HORTON INC,Consumer Discretionary,
DHR,DANAHER CORP,Health Care,
DIA.MI,DIASORIN,Health Care,
DIM.PA,SARTORIUS STEDIM BIOTECH SA,Health Care,
DIS,WALT DISNEY,Communication,
DISCA,DISCOVERY INC SERIES A,Communication,
DISCK,DISCOVERY INC SERIES C,Communication,
DISH,DISH NETWORK CORP CLASS A,Communication,
DKNG,DRAFTKINGS INC CLASS A,Consumer Discretionary,
DLG.L,DIRECT LINE INSURANCE PLC,Financials,
DLR,DIGITAL REALTY TRUST REIT INC,Real Estate,
DLTR,DOLLAR TREE INC,Consumer Discretionary,
DMP.AX,DOMINOS PIZZA ENTERPRISES LTD,Consumer Discretionary,
DNB.OL,DNB BANK,Financials,
DOCU,DOCUSIGN INC,Information Technology,
DOL.TO,DOLLARAMA INC,Consumer Discretionary,
DOV,DOVER CORP,Industrials,
DOW,DOW INC,Materials,
DPW.DE,DEUTSCHE POST AG,Industrials,
DPZ,DOMINOS PIZZA INC,Consumer Discretionary,
DRE,DUKE REALTY REIT CORP,Real Estate,
DRI,DARDEN RESTAURANTS INC,Consumer Discretionary,
DSCT.TA,ISRAEL DISCOUNT BANK LTD,Financials,
DSM.AS,KONINKILIJKE DSM NV,Materials,
DSV.CO,DSV PANALPINA,Industrials,
DSY.PA,DASSAULT SYSTEMES,Information Technology,
DT,DYNATRACE INC,Information Technology,
DTE,DTE ENERGY,Utilities,
DTE.DE,DEUTSCHE TELEKOM N AG,Communication,
DUK,DUKE ENERGY CORP,Utilities,
DVA,DAVITA INC,Health Care,
DVN,DEVON ENERGY CORP,Energy,
DWNI.DE,DEUTSCHE WOHNEN,Real Estate,
DXCM,DEXCOM INC,Health Care,
DXS.AX,DEXUS STAPLED UNITS,Real Estate,
EA,ELECTRONIC ARTS INC,Communication,
EBAY,EBAY INC,Consumer Discretionary,
EBS.VI,ERSTE GROUP BANK AG,Financials,
ECL,ECOLAB INC,Materials,
ED,CONSOLIDATED EDISON INC,Utilities,
EDEN.PA,EDENRED,Information Technology,
EDF.PA,ELECTRICITE DE FRANCE SA,Utilities,
EDP.LS,EDP ENERGIAS DE PORTUGAL SA,Utilities,
EDPR.LS,EDP RENOVAVEIS SA,Utilities,
EDV.AX,ENDEAVOUR GROUP LTD,Consumer Staples,
EFX,EQUIFAX INC,Industrials,
EIX,EDISON INTERNATIONAL,Utilities,
EL,ESTEE LAUDER INC CLASS A,Consumer Staples,
EL.PA,ESSILORLUXOTTICA SA,Consumer Discretionary,
ELAN,ELANCO ANIMAL HEALTH INC,Health Care,
ELE.MC,ENDESA SA,Utilities,
ELI.BR,ELIA GROUP SA,Utilities,
ELISA.HE,ELISA,Communication,
ELS,EQUITY LIFESTYLE PROPERTIES REIT I,Real Estate,
ELUX-B.ST,ELECTROLUX B,Consumer Discretionary,
EMA.TO,EMERA INC,Utilities,
EMBRAC-B.ST,EMBRACER GROUP,Communication,
EMN,EASTMAN CHEMICAL,Materials,
EMP.A.TO,EMPIRE LTD CLASS A,Consumer Staples,
EMR,EMERSON ELECTRIC,Industrials,
EMSN.SW,EMS-CHEMIE HOLDING AG,Materials,
EN.PA,BOUYGUES SA,Industrials,
ENB.TO,ENBRIDGE INC,Energy,
ENEL.MI,ENEL,Utilities,
ENG.MC,ENAGAS SA,Utilities,
ENGI.PA,ENGIE SA,Utilities,
ENI.MI,ENI,Energy,
ENPH,ENPHASE ENERGY INC,Information Technology,
ENR.DE,SIEMENS ENERGY N AG,Industrials,
ENT.L,ENTAIN PLC,Consumer Discretionary,
EO.PA,FAURECIA,Consumer Discretionary,
EOAN.DE,E.ON N,Utilities,
EOG,EOG RESOURCES INC,Energy,
EPAM,EPAM SYSTEMS INC,Information Technology,
EPI-A.ST,EPIROC CLASS A,Industrials,
EPI-B.ST,EPIROC CLASS B,Industrials,
EQH,EQUITABLE HOLDINGS INC,Financials,
EQIX,EQUINIX REIT INC,Real Estate,
EQNR.OL,EQUINOR,Energy,
EQR,EQUITY RESIDENTIAL REIT,Real Estate,
EQT.ST,EQT,Financials,
ERF.PA,EUROFINS SCIENTIFIC,Health Care,
ERIC-B.ST,ERICSSON B,Information Technology,
ERIE,ERIE INDEMNITY CLASS A,Financials,
ES,EVERSOURCE ENERGY,Utilities,
ESLT.TA,ELBIT SYSTEMS LTD,Industrials,
ESS,ESSEX PROPERTY TRUST REIT INC,Real Estate,
ESSITY-B.ST,ESSITY CLASS B,Consumer Staples,
ETN,EATON PLC,Industrials,
ETR,ENTERGY CORP,Utilities,
ETSY,ETSY INC,Consumer Discretionary,
EVK.DE,EVONIK INDUSTRIES AG,Materials,
EVN.AX,EVOLUTION MINING LTD,Materials,
EVO.ST,EVOLUTION,Consumer Discretionary,
EVR.L,EVRAZ,Materials,
EVRG,EVERGY INC,Utilities,
EW,EDWARDS LIFESCIENCES CORP,Health Care,
EXAS,EXACT SCIENCES CORP,Health Care,
EXC,EXELON CORP,Utilities,
EXO.MI,EXOR NV,Financials,
EXPD,EXPEDITORS INTERNATIONAL OF WASHIN,Industrials,
EXPE,EXPEDIA GROUP INC,Consumer Discretionary,
EXPN.L,EXPERIAN PLC,Industrials,
EXR,EXTRA SPACE STORAGE REIT INC,Real Estate,
F,FORD MOTOR CO,Consumer Discretionary,
F34.SI,WILMAR INTERNATIONAL LTD,Consumer Staples,
FAST,FASTENAL,Industrials,
FB,FACEBOOK CLASS A INC,Communication,
FBHS,FORTUNE BRANDS HOME AND SECURITY I,Industrials,
FBK.MI,FINECOBANK BANCA FINECO,Financials,
FCX,FREEPORT MCMORAN INC,Materials,
FDJ.PA,LA FRANCAISE DES JEUX SA,Consumer Discretionary,
FDS,FACTSET RESEARCH SYSTEMS INC,Financials,
FDX,FEDEX CORP,Industrials,
FE,FIRSTENERGY CORP,Utilities,
FER.MC,FERROVIAL SA,Industrials,
FERG,FERGUSON PLC,Industrials,
FFH.TO,FAIRFAX FINANCIAL HOLDINGS SUB VOT,Financials,
FFIV,F5 NETWORKS INC,Information Technology,
FGR.PA,EIFFAGE SA,Industrials,
FICO,FAIR ISAAC CORP,Information Technology,
FIS,FIDELITY NATIONAL INFORMATION SERV,Information Technology,
FISV,FISERV INC,Information Technology,
FITB,FIFTH THIRD BANCORP,Financials,
FLT,FLEETCOR TECHNOLOGIES INC,Information Technology,
FLTR,FLUTTER ENTERTAINMENT PLC,Consumer Discretionary,
FM.TO,FIRST QUANTUM MINERALS LTD,Materials,
FMC,FMC CORP,Materials,
FME.DE,FRESENIUS MEDICAL CARE AG,Health Care,
FMG.AX,FORTESCUE METALS GROUP LTD,Materials,
FNF,FIDELITY NATIONAL FINANCIAL INC,Financials,
FNV.TO,FRANCO NEVADA CORP,Materials,
FORTUM.HE,FORTUM,Utilities,
FOX,FOX CORP CLASS B,Communication,
FOXA,FOX CORP CLASS A,Communication,
FPE3.DE,FUCHS PETROLUB PREF,Materials,
FPH.NZ,FISHER AND PAYKEL HEALTHCARE CORPO,Health Care,
FR.PA,VALEO,Consumer Discretionary,
FRC,FIRST REPUBLIC BANK,Financials,
FRE.DE,FRESENIUS SE AND CO KGAA,Health Care,
FSV.TO,FIRSTSERVICE SUBORDINATE VOTING CO,Real Estate,
FTNT,FORTINET INC,Information Technology,
FTS.TO,FORTIS INC,Utilities,
FTV,FORTIVE CORP,Industrials,
FUTU,FUTU HOLDINGS ADR LTD,Financials,
FWONK,LIBERTY MEDIA FORMULA ONE CORP SER,Communication,
G.MI,ASSICURAZIONI GENERALI,Financials,
G13.SI,GENTING SINGAPORE LTD,Consumer Discretionary,
G1A.DE,GEA GROUP AG,Industrials,
G24.DE,SCOUT24 N AG,Communication,
GALP.LS,GALP ENERGIA SGPS SA,Energy,
GBLB.BR,GROUPE BRUXELLES LAMBERT NV,Financials,
GD,GENERAL DYNAMICS CORP,Industrials,
GDDY,GODADDY INC CLASS A,Information Technology,
GE,GENERAL ELECTRIC,Industrials,
GEBN.SW,GEBERIT AG,Industrials,
GET.PA,GETLINK,Industrials,
GFC.PA,GECINA SA,Real Estate,
GFL.TO,GFL ENVIRONMENTAL SUBORDINATE VOTI,Industrials,
GIB-A.TO,CGI INC,Information Technology,
GIL.TO,GILDAN ACTIVEWEAR INC,Consumer Discretionary,
GILD,GILEAD SCIENCES INC,Health Care,
GIS,GENERAL MILLS INC,Consumer Staples,
GIVN.SW,GIVAUDAN SA,Materials,
GJF.OL,GJENSIDIGE FORSIKRING,Financials,
GL,GLOBE LIFE INC,Financials,
GLE.PA,SOCIETE GENERALE SA,Financials,
GLEN.L,GLENCORE PLC,Materials,
GLW,CORNING INC,Information Technology,
GM,GENERAL MOTORS,Consumer Discretionary,
GMAB.CO,GENMAB,Health Care,
GMG.AX,GOODMAN GROUP UNITS,Real Estate,
GN.CO,GN STORE NORD,Health Care,
GNRC,GENERAC HOLDINGS INC,Industrials,
GOOG,ALPHABET INC CLASS C,Communication,
GOOGL,ALPHABET INC CLASS A,Communication,
GPC,GENUINE PARTS,Consumer Discretionary,
GPN,GLOBAL PAYMENTS INC,Information Technology,
GPT.AX,GPT GROUP STAPLED UNITS,Real Estate,
GRF.MC,GRIFOLS SA CLASS A,Health Care,
GRMN,GARMIN LTD,Consumer Discretionary,
GS,GOLDMAN SACHS GROUP INC,Financials,
GSK.L,GLAXOSMITHKLINE PLC,Health Care,
GWO.TO,GREAT WEST LIFECO INC,Financials,
GWRE,GUIDEWIRE SOFTWARE INC,Information Technology,
GWW,WW GRAINGER INC,Industrials,
H.TO,HYDRO ONE LTD,Utilities,
H78,HONGKONG LAND HOLDINGS LTD,Real Estate,
HAL,HALLIBURTON,Energy,
HAS,HASBRO INC,Consumer Discretionary,
HBAN,HUNTINGTON BANCSHARES INC,Financials,
HCA,HCA HEALTHCARE INC,Health Care,
HD,HOME DEPOT INC,Consumer Discretionary,
HEI,HEICO CORP,Industrials,
HEI.DE,HEIDELBERGCEMENT AG,Materials,
HEIA,HEICO CORP CLASS A,Industrials,
HEIA.AS,HEINEKEN NV,Consumer Staples,
HEIO.AS,HEINEKEN HOLDING NV,Consumer Staples,
HEN.DE,HENKEL AG,Consumer Staples,
HEN3.DE,HENKEL & KGAA PREF AG,Consumer Staples,
HES,HESS CORP,Energy,
HEXA-B.ST,HEXAGON CLASS B,Information Technology,
HFG.DE,HELLOFRESH,Consumer Discretionary,
HIG,HARTFORD FINANCIAL SERVICES GROUP,Financials,
HII,HUNTINGTON INGALLS INDUSTRIES INC,Industrials,
HIK.L,HIKMA PHARMACEUTICALS PLC,Health Care,
HL.L,HARGREAVES LANSDOWN PLC,Financials,
HLMA.L,HALMA PLC,Information Technology,
HLT,HILTON WORLDWIDE HOLDINGS INC,Consumer Discretionary,
HM-B.ST,HENNES & MAURITZ,Consumer Discretionary,
HNR1.DE,HANNOVER RUECK,Financials,
HO.PA,THALES SA,Industrials,
HOLN.SW,HOLCIM LTD AG,Materials,
HOLX,HOLOGIC INC,Health Care,
HON,HONEYWELL INTERNATIONAL INC,Industrials,
HPE,HEWLETT PACKARD ENTERPRISE,Information Technology,
HPQ,HP INC,Information Technology,
HRL,HORMEL FOODS CORP,Consumer Staples,
HSBA.L,HSBC HOLDINGS PLC,Financials,
HSIC,HENRY SCHEIN INC,Health Care,
HST,HOST HOTELS & RESORTS REIT INC,Real Estate,
HSY,HERSHEY FOODS,Consumer Staples,
HUBS,HUBSPOT INC,Information Technology,
HUM,HUMANA INC,Health Care,
HUSQ-B.ST,HUSQVARNA,Consumer Discretionary,
HWM,HOWMET AEROSPACE INC,Industrials,
HZNP,HORIZON THERAPEUTICS PUBLIC PLC,Health Care,
IAC,IAC INTERACTIVE,Communication,
IAG.AX,INSURANCE AUSTRALIA GROUP LTD,Financials,
IAG.TO,IA FINANCIAL INC,Financials,
IBE.MC,IBERDROLA SA,Utilities,
IBM,INTERNATIONAL BUSINESS MACHINES CO,Information Technology,
ICA.ST,ICA GRUPPEN,Consumer Staples,
ICE,INTERCONTINENTAL EXCHANGE INC,Financials,
ICL.TA,ICL GROUP LTD,Materials,
IDXX,IDEXX LABORATORIES INC,Health Care,
IEX,IDEX CORP,Industrials,
IFC.TO,INTACT FINANCIAL CORP,Financials,
IFF,INTERNATIONAL FLAVORS & FRAGRANCES,Materials,
IFX.DE,INFINEON TECHNOLOGIES AG,Information Technology,
IGM.TO,IGM FINANCIAL INC,Financials,
IHG.L,INTERCONTINENTAL HOTELS GROUP PLC,Consumer Discretionary,
III.L,3I GROUP PLC,Financials,
ILD.PA,ILIAD SA,Communication,
ILMN,ILLUMINA INC,Health Care,
IMB.L,IMPERIAL BRANDS PLC,Consumer Staples,
IMO.TO,IMPERIAL OIL LTD,Energy,
INCY,INCYTE CORP,Health Care,
INDU-A.ST,INDUSTRIVARDEN A,Financials,
INDU-C.ST,INDUSTRIVARDEN SERIES,Financials,
INF.L,INFORMA PLC,Communication,
INFO,IHS MARKIT LTD,Industrials,
INGA.AS,ING GROEP NV,Financials,
INPST.AS,INPOST SA,Industrials,
INTC,INTEL CORPORATION CORP,Information Technology,
INTU,INTUIT INC,Information Technology,
INVE-B.ST,INVESTOR CLASS B,Financials,
INVH,INVITATION HOMES INC,Real Estate,
INW.MI,INFRASTRUTTURE WIRELESS ITALIANE,Communication,
IP,INTERNATIONAL PAPER,Materials,
IPG,INTERPUBLIC GROUP OF COMPANIES INC,Communication,
IPGP,IPG PHOTONICS CORP,Information Technology,
IPN.PA,IPSEN SA,Health Care,
IQV,IQVIA HOLDINGS INC,Health Care,
IR,INGERSOLL RAND INC,Industrials,
IRM,IRON MOUNTAIN INC,Real Estate,
ISP.MI,INTESA SANPAOLO,Financials,
ISRG,INTUITIVE SURGICAL INC,Health Care,
IT,GARTNER INC,Information Technology,
ITRK.L,INTERTEK GROUP PLC,Industrials,
ITW,ILLINOIS TOOL INC,Industrials,
ITX.MC,INDUSTRIA DE DISENO TEXTIL INDITEX,Consumer Discretionary,
IVN.TO,IVANHOE MINES LTD CLASS A,Materials,
IVZ,INVESCO LTD,Financials,
J,JACOBS ENGINEERING GROUP INC,Industrials,
J36.SI,JARDINE MATHESON HOLDINGS LTD,Industrials,
JAZZ,JAZZ PHARMACEUTICALS PLC,Health Care,
JBHT,JB HUNT TRANSPORT SERVICES INC,Industrials,
JCI,JOHNSON CONTROLS INTERNATIONAL PLC,Industrials,
JD..L,JD SPORTS FASHION PLC,Consumer Discretionary,
JDEP.AS,JDE PEETS NV,Consumer Staples,
JHX.AX,JAMES HARDIE INDUSTRIES CDI PLC,Materials,
JKHY,JACK HENRY AND ASSOCIATES INC,Information Technology,
JMAT.L,JOHNSON MATTHEY PLC,Materials,
JMT.LS,JERONIMO MARTINS SA,Consumer Staples,
JNJ,JOHNSON & JOHNSON,Health Care,
JNPR,JUNIPER NETWORKS INC,Information Technology,
JPM,JPMORGAN CHASE & CO,Financials,
JXN,JACKSON FINANCIAL INC,Financials,
K,KELLOGG,Consumer Staples,
K.TO,KINROSS GOLD CORP,Materials,
KBC.BR,KBC GROEP,Financials,
KBX.DE,KNORR BREMSE AG,Industrials,
KDP,KEURIG DR PEPPER INC,Consumer Staples,
KER.PA,KERING SA,Consumer Discretionary,
KESKOB.HE,KESKO CLASS B,Consumer Staples,
KEY,KEYCORP,Financials,
KEY.TO,KEYERA CORP,Energy,
KEYS,KEYSIGHT TECHNOLOGIES INC,Information Technology,
KGF.L,KINGFISHER PLC,Consumer Discretionary,
KGX.DE,KION GROUP AG,Industrials,
KHC,KRAFT HEINZ,Consumer Staples,
KINV-B.ST,KINNEVIK CLASS B,Financials,
KKR,KKR AND CO INC,Financials,
KL.TO,KIRKLAND LAKE GOLD LTD,Materials,
KLAC,KLA CORP,Information Technology,
KMB,KIMBERLY CLARK CORP,Consumer Staples,
KMI,KINDER MORGAN INC,Energy,
KMX,CARMAX INC,Consumer Discretionary,
KNEBV.HE,KONE,Industrials,
KNIN.SW,KUEHNE UND NAGEL INTERNATIONAL AG,Industrials,
KNX,KNIGHT-SWIFT TRANSPORTATION HOLDIN,Industrials,
KO,COCA-COLA,Consumer Staples,
KPN.AS,KONINKLIJKE KPN NV,Communication,
KR,KROGER,Consumer Staples,
KRX,KINGSPAN GROUP PLC,Industrials,
KSU,KANSAS CITY SOUTHERN,Industrials,
KYGA,KERRY GROUP PLC,Consumer Staples,
L,LOEWS CORP,Financials,
L.TO,LOBLAW COMPANIES LTD,Consumer Staples,
LAND.L,LAND SECURITIES GROUP REIT PLC,Real Estate,
LATO-B.ST,LATOUR INVESTMENT CLASS B,Industrials,
LBRDA,LIBERTY BROADBAND CORP SERIES A,Communication,
LBRDK,LIBERTY BROADBAND CORP SERIES C,Communication,
LBTYA,LIBERTY GLOBAL PLC CLASS A,Communication,
LBTYK.L,LIBERTY GLOBAL PLC CLASS C,Communication,
LDOS,LEIDOS HOLDINGS INC,Industrials,
LEA,LEAR CORP,Consumer Discretionary,
LEG.DE,LEG IMMOBILIEN N,Real Estate,
LEN,LENNAR A CORP,Consumer Discretionary,
LGEN.L,LEGAL AND GENERAL GROUP PLC,Financials,
LH,LABORATORY CORPORATION OF AMERICA,Health Care,
LHA.DE,DEUTSCHE LUFTHANSA AG,Industrials,
LHX,L3HARRIS TECHNOLOGIES INC,Industrials,
LI.PA,KLEPIERRE REIT SA,Real Estate,
LII,LENNOX INTERNATIONAL INC,Industrials,
LIN,LINDE PLC,Materials,
LISN.SW,CHOCOLADEFABRIKEN LINDT & SPRUENGL,Consumer Staples,
LISP.SW,CHOCOLADEFABRIKEN LINDT & SPRUENGL,Consumer Staples,
LKQ,LKQ CORP,Consumer Discretionary,
LLC.AX,LENDLEASE GROUP STAPLED UNITS,Real Estate,
LLOY.L,LLOYDS BANKING GROUP PLC,Financials,
LLY,ELI LILLY,Health Care,
LMT,LOCKHEED MARTIN CORP,Industrials,
LNC,LINCOLN NATIONAL CORP,Financials,
LNG,CHENIERE ENERGY INC,Energy,
LNT,ALLIANT ENERGY CORP,Utilities,
LOGN.SW,LOGITECH INTERNATIONAL SA,Information Technology,
LONN.SW,LONZA GROUP AG,Health Care,
LOW,LOWES COMPANIES INC,Consumer Discretionary,
LR.PA,LEGRAND SA,Industrials,
LRCX,LAM RESEARCH CORP,Information Technology,
LSEG.L,LONDON STOCK EXCHANGE GROUP PLC,Financials,
LSPD.TO,LIGHTSPEED COMMERCE INC,Information Technology,
LSXMA,LIBERTY MEDIA LIBERTY SIRIUSXM COR,Communication,
LSXMK,LIBERTY MEDIA LIBERTY SIRIUSXM COR,Communication,
LULU,LULULEMON ATHLETICA INC,Consumer Discretionary,
LUMI.TA,BANK LEUMI LE ISRAEL,Financials,
LUMN,LUMEN TECHNOLOGIES INC,Communication,
LUN.TO,LUNDIN MINING CORP,Materials,
LUND-B.ST,LUNDBERGFORETAGEN CLASS B,Financials,
LUNE.ST,LUNDIN ENERGY,Energy,
LUV,SOUTHWEST AIRLINES,Industrials,
LVS,LAS VEGAS SANDS CORP,Consumer Discretionary,
LW,LAMB WESTON HOLDINGS INC,Consumer Staples,
LXS.DE,LANXESS AG,Materials,
LYB.AS,LYONDELLBASELL INDUSTRIES NV CLASS,Materials,
LYFT,LYFT INC CLASS A,Industrials,
LYV,LIVE NATION ENTERTAINMENT INC,Communication,
M44U.SI,MAPLETREE LOGISTICS TRUST UNITS,Real Estate,
MA,MASTERCARD INC CLASS A,Information Technology,
MAA,MID AMERICA APARTMENT COMMUNITIES,Real Estate,
MAERSK-A.CO,A P MOLLER MAERSK,Industrials,
MAERSK-B.CO,A P MOLLER MAERSK B,Industrials,
MAR,MARRIOTT INTERNATIONAL INC CLASS A,Consumer Discretionary,
MAS,MASCO CORP,Industrials,
MASI,MASIMO CORP,Health Care,
MB.MI,MEDIOBANCA BANCA DI CREDITO FINANZ,Financials,
MC.PA,LVMH,Consumer Discretionary,
MCD,MCDONALDS CORP,Consumer Discretionary,
MCHP,MICROCHIP TECHNOLOGY INC,Information Technology,
MCK,MCKESSON CORP,Health Care,
MCO,MOODYS CORP,Financials,
MCY.NZ,MERCURY NZ LTD,Utilities,
MDB,MONGODB INC CLASS A,Information Technology,
MDLZ,MONDELEZ INTERNATIONAL INC CLASS A,Consumer Staples,
MDT,MEDTRONIC PLC,Health Care,
MEL.NZ,MERIDIAN ENERGY LTD,Utilities,
MELI,MERCADOLIBRE INC,Consumer Discretionary,
MET,METLIFE INC,Financials,
MF.PA,WENDEL,Financials,
MFC.TO,MANULIFE FINANCIAL CORP,Financials,
MFG.AX,MAGELLAN FINANCIAL GROUP LTD,Financials,
MG.TO,MAGNA INTERNATIONAL INC,Consumer Discretionary,
MGM,MGM RESORTS INTERNATIONAL,Consumer Discretionary,
MGR.AX,MIRVAC GROUP STAPLED UNITS,Real Estate,
MHK,MOHAWK INDUSTRIES INC,Consumer Discretionary,
MKC,MCCORMICK & CO NON-VOTING INC,Consumer Staples,
MKL,MARKEL CORP,Financials,
MKTX,MARKETAXESS HOLDINGS INC,Financials,
ML.PA,MICHELIN,Consumer Discretionary,
MLCO,MELCO RESORTS ENTERTAINMENT ADR LT,Consumer Discretionary,
MLM,MARTIN MARIETTA MATERIALS INC,Materials,
MMC,MARSH & MCLENNAN INC,Financials,
MMM,3M,Industrials,
MNDI.L,MONDI PLC,Materials,
MNG.L,M&G PLC,Financials,
MNST,MONSTER BEVERAGE CORP,Consumer Staples,
MO,ALTRIA GROUP INC,Consumer Staples,
MOH,MOLINA HEALTHCARE INC,Health Care,
MONC.MI,MONCLER,Consumer Discretionary,
MOS,MOSAIC,Materials,
MOWI.OL,MOWI,Consumer Staples,
MPC,MARATHON PETROLEUM CORP,Energy,
MPL.AX,MEDIBANK PRIVATE LTD,Financials,
MPW,MEDICAL PROPERTIES TRUST REIT INC,Real Estate,
MPWR,MONOLITHIC POWER SYSTEMS INC,Information Technology,
MQG.AX,MACQUARIE GROUP LTD DEF,Financials,
MRK,MERCK & CO INC,Health Care,
MRK.DE,MERCK,Health Care,
MRNA,MODERNA INC,Health Care,
MRO.L,MELROSE INDUSTRIES PLC,Industrials,
MRU.TO,METRO INC,Consumer Staples,
MRVL,MARVELL TECHNOLOGY INC,Information Technology,
MRW.L,MORRISON(WM.)SUPERMARKETS,Consumer Staples,
MS,MORGAN STANLEY,Financials,
MSCI,MSCI INC,Financials,
MSFT,MICROSOFT CORP,Information Technology,
MSI,MOTOROLA SOLUTIONS INC,Information Technology,
MT.AS,ARCELORMITTAL SA,Materials,
MTB,M&T BANK CORP,Financials,
MTCH,MATCH GROUP INC,Communication,
MTD,METTLER TOLEDO INC,Health Care,
MTN,VAIL RESORTS INC,Consumer Discretionary,
MTX.DE,MTU AERO ENGINES HOLDING AG,Industrials,
MU,MICRON TECHNOLOGY INC,Information Technology,
MUV2.DE,MUENCHENER RUECKVERSICHERUNGS-GESE,Financials,
MZTF.TA,MIZRAHI TEFAHOT BANK LTD,Financials,
N2IU.SI,MAPLETREE COMMERCIAL UNITS TRUST,Real Estate,
NA.TO,NATIONAL BANK OF CANADA,Financials,
NAB.AX,NATIONAL AUSTRALIA BANK LTD,Financials,
NBIX,NEUROCRINE BIOSCIENCES INC,Health Care,
NCM.AX,NEWCREST MINING LTD,Materials,
NDA-SE.HE,NORDEA BANK,Financials,
NDAQ,NASDAQ INC,Financials,
NDSN,NORDSON CORP,Industrials,
NEE,NEXTERA ENERGY INC,Utilities,
NEM,NEWMONT,Materials,
NEM.DE,NEMETSCHEK,Information Technology,
NESN.SW,NESTLE SA,Consumer Staples,
NESTE.HE,NESTE,Energy,
NET,CLOUDFLARE INC CLASS A,Information Technology,
NEXI.MI,NEXI,Information Technology,
NFLX,NETFLIX INC,Communication,
NG..L,NATIONAL GRID PLC,Utilities,
NHY.OL,NORSK HYDRO,Materials,
NI,NISOURCE INC,Utilities,
NIBE-B.ST,NIBE INDUSTRIER CLASS B,Industrials,
NICE.TA,NICE LTD,Information Technology,
NKE,NIKE INC CLASS B,Consumer Discretionary,
NLOK,NORTONLIFELOCK INC,Information Technology,
NLY,ANNALY CAPITAL MANAGEMENT REIT INC,Financials,
NN.AS,NN GROUP NV,Financials,
NOC,NORTHROP GRUMMAN CORP,Industrials,
NOKIA.HE,NOKIA,Information Technology,
NOVN.SW,NOVARTIS AG,Health Care,
NOVO-B.CO,NOVO NORDISK CLASS B,Health Care,
NOW,SERVICENOW INC,Information Technology,
NPI.TO,NORTHLAND POWER INC,Utilities,
NRG,NRG ENERGY INC,Utilities,
NSC,NORFOLK SOUTHERN CORP,Industrials,
NST.AX,NORTHERN STAR RESOURCES LTD,Materials,
NTAP,NETAPP INC,Information Technology,
NTGY.MC,NATURGY ENERGY SA,Utilities,
NTR.TO,NUTRIEN LTD,Materials,
NTRS,NORTHERN TRUST CORP,Financials,
NUE,NUCOR CORP,Materials,
NVAX,NOVAVAX INC,Health Care,
NVCR,NOVOCURE LTD,Health Care,
NVDA,NVIDIA CORP,Information Technology,
NVEI.TO,NUVEI SUBORDINATE VOTING CORP,Information Technology,
NVR,NVR INC,Consumer Discretionary,
NWG.L,NATWEST GROUP PLC,Financials,
NWL,NEWELL BRANDS INC,Consumer Discretionary,
NWSA,NEWS CORP CLASS A,Communication,
NXPI,NXP SEMICONDUCTORS NV,Information Technology,
NXT.L,NEXT PLC,Consumer Discretionary,
NZYM-B.CO,NOVOZYMES B,Materials,
O,REALTY INCOME REIT CORP,Real Estate,
O2D.DE,TELEFONICA DEUTSCHLAND HOLDING AG,Communication,
O39.SI,OVERSEA-CHINESE BANKING LTD,Financials,
OC,OWENS CORNING,Industrials,
OCDO.L,OCADO GROUP PLC,Consumer Staples,
ODFL,OLD DOMINION FREIGHT LINE INC,Industrials,
OHI,OMEGA HEALTHCARE INVESTORS REIT IN,Real Estate,
OKE,ONEOK INC,Energy,
OKTA,OKTA INC CLASS A,Information Technology,
OMC,OMNICOM GROUP INC,Communication,
OMV.VI,OMV AG,Energy,
ON,ON SEMICONDUCTOR CORP,Information Technology,
ONEX.TO,ONEX CORP,Financials,
OR.PA,LOREAL SA,Consumer Staples,
ORA.PA,ORANGE SA,Communication,
ORCL,ORACLE CORP,Information Technology,
ORG.AX,ORIGIN ENERGY LTD,Utilities,
ORI.AX,ORICA LTD,Materials,
ORK.OL,ORKLA,Consumer Staples,
ORLY,OREILLY AUTOMOTIVE INC,Consumer Discretionary,
ORNBV.HE,ORION CLASS B,Health Care,
ORP.PA,ORPEA SA,Health Care,
ORSTED.CO,ORSTED,Utilities,
OSH,OAK STREET HEALTH INC,Health Care,
OSH.AX,OIL SEARCH LTD,Energy,
OTEX.TO,OPEN TEXT CORP,Information Technology,
OTIS,OTIS WORLDWIDE CORP,Industrials,
OXY,OCCIDENTAL PETROLEUM CORP,Energy,
PAAS.TO,PAN AMERICAN SILVER CORP,Materials,
PAH3.DE,PORSCHE AUTOMOBIL HOLDING PREF,Consumer Discretionary,
PANW,PALO ALTO NETWORKS INC,Information Technology,
PAYC,PAYCOM SOFTWARE INC,Information Technology,
PAYX,PAYCHEX INC,Information Technology,
PCAR,PACCAR INC,Industrials,
PCG,PG&E CORP,Utilities,
PEAK,HEALTHPEAK PROPERTIES INC,Real Estate,
PEG,PUBLIC SERVICE ENTERPRISE GROUP IN,Utilities,
PEP,PEPSICO INC,Consumer Staples,
PFE,PFIZER INC,Health Care,
PFG,PRINCIPAL FINANCIAL GROUP INC,Financials,
PG,PROCTER & GAMBLE,Consumer Staples,
PGHN.SW,PARTNERS GROUP HOLDING AG,Financials,
PGR,PROGRESSIVE CORP,Financials,
PH,PARKER-HANNIFIN CORP,Industrials,
PHIA.AS,KONINKLIJKE PHILIPS NV,Health Care,
PHM,PULTEGROUP INC,Consumer Discretionary,
PHNX.L,PHOENIX GROUP HOLDINGS PLC,Financials,
PINS,PINTEREST INC CLASS A,Communication,
PKG,PACKAGING CORP OF AMERICA,Materials,
PKI,PERKINELMER INC,Health Care,
PKI.TO,PARKLAND CORP,Energy,
PLD,PROLOGIS REIT INC,Real Estate,
PLTR,PALANTIR TECHNOLOGIES INC CLASS A,Information Technology,
PLUG,PLUG POWER INC,Industrials,
PM,PHILIP MORRIS INTERNATIONAL INC,Consumer Staples,
PNC,PNC FINANCIAL SERVICES GROUP INC,Financials,
PNDORA.CO,PANDORA,Consumer Discretionary,
PNR,PENTAIR,Industrials,
PNW,PINNACLE WEST CORP,Utilities,
PODD,INSULET CORP,Health Care,
POLI.TA,BANK HAPOALIM BM,Financials,
POOL,POOL CORP,Consumer Discretionary,
POW.TO,POWER CORPORATION OF CANADA,Financials,
PPD,PPD INC,Health Care,
PPG,PPG INDUSTRIES INC,Materials,
PPL,PPL CORP,Utilities,
PPL.TO,PEMBINA PIPELINE CORP,Energy,
PROX.BR,PROXIMUS NV,Communication,
PRU,PRUDENTIAL FINANCIAL INC,Financials,
PRU.L,PRUDENTIAL PLC,Financials,
PRX.AS,PROSUS NV,Consumer Discretionary,
PRY.MI,PRYSMIAN,Industrials,
PSA,PUBLIC STORAGE REIT,Real Estate,
PSN.L,PERSIMMON PLC,Consumer Discretionary,
PSON.L,PEARSON PLC,Communication,
PST.MI,POSTE ITALIANE,Financials,
PSX,PHILLIPS,Energy,
PTC,PTC INC,Information Technology,
PTON,PELOTON INTERACTIVE CLASS A INC,Consumer Discretionary,
PUB.PA,PUBLICIS GROUPE SA,Communication,
PUM.DE,PUMA,Consumer Discretionary,
PXD,PIONEER NATURAL RESOURCE,Energy,
PYPL,PAYPAL HOLDINGS INC,Information Technology,
QAN.AX,QANTAS AIRWAYS LTD,Industrials,
QBE.AX,QBE INSURANCE GROUP LTD,Financials,
QBR.B.TO,QUEBECOR INC CLASS B,Communication,
QCOM,QUALCOMM INC,Information Technology,
QIA.AS,QIAGEN NV,Health Care,
QRVO,QORVO INC,Information Technology,
QSR.TO,RESTAURANTS BRANDS INTERNATIONAL I,Consumer Discretionary,
RAA.DE,RATIONAL AG,Industrials,
RACE,FERRARI NV,Consumer Discretionary,
RAND.AS,RANDSTAD HOLDING,Industrials,
RBA.TO,RITCHIE BROS AUCTIONEERS INC,Industrials,
RBI.VI,RAIFFEISEN BANK INTERNATIONAL AG,Financials,
RCI.B.TO,ROGERS COMMUNICATIONS NON-VOTING I,Communication,
RCL,ROYAL CARIBBEAN GROUP LTD,Consumer Discretionary,
RCO.PA,REMY COINTREAU SA,Consumer Staples,
RDSA.L,ROYAL DUTCH SHELL PLC,Energy,
RDSB.L,ROYAL DUTCH SHELL PLC CLASS B,Energy,
RE,EVEREST RE GROUP LTD,Financials,
REA.AX,REA GROUP LTD,Communication,
REC.MI,RECORDATI INDUSTRIA CHIMICA E FARM,Health Care,
REE.MC,RED ELECTRICA SA,Utilities,
REG,REGENCY CENTERS REIT CORP,Real Estate,
REGN,REGENERON PHARMACEUTICALS INC,Health Care,
REH.AX,REECE LTD,Industrials,
REI-UN.TO,RIOCAN REAL ESTATE INVESTMENT TRUS,Real Estate,
REL.L,RELX PLC,Industrials,
REP.MC,REPSOL SA,Energy,
RF,REGIONS FINANCIAL CORP,Financials,
RF.PA,EURAZEO,Financials,
RHC.AX,RAMSAY HEALTH CARE LTD,Health Care,
RHI,ROBERT HALF,Industrials,
RI.PA,PERNOD RICARD SA,Consumer Staples,
RIO.AX,RIO TINTO LTD,Materials,
RIO.L,RIO TINTO PLC,Materials,
RJF,RAYMOND JAMES INC,Financials,
RKT.L,RECKITT BENCKISER GROUP PLC,Consumer Staples,
RMD,RESMED INC,Health Care,
RMS.PA,HERMES INTERNATIONAL,Consumer Discretionary,
RNG,RINGCENTRAL INC CLASS A,Information Technology,
RNO.PA,RENAULT SA,Consumer Discretionary,
RNR,RENAISSANCERE HOLDING LTD,Financials,
RO.SW,ROCHE HOLDING AG,Health Care,
ROCK-B.CO,ROCKWOOL INTERNATIONAL B,Industrials,
ROG.SW,ROCHE HOLDING PAR AG,Health Care,
ROK,ROCKWELL AUTOMATION INC,Industrials,
ROKU,ROKU INC CLASS A,Communication,
ROL,ROLLINS INC,Industrials,
ROP,ROPER TECHNOLOGIES INC,Industrials,
ROST,ROSS STORES INC,Consumer Discretionary,
RPM,RPM INTERNATIONAL INC,Materials,
RPRX.L,ROYALTY PHARMA PLC CLASS A,Health Care,
RR.L,ROLLS-ROYCE HOLDINGS PLC,Industrials,
RSG,REPUBLIC SERVICES INC,Industrials,
RTO.L,RENTOKIL INITIAL PLC,Industrials,
RTX,RAYTHEON TECHNOLOGIES CORP,Industrials,
RUN,SUNRUN INC,Industrials,
RWE.DE,RWE AG,Utilities,
RY.TO,ROYAL BANK OF CANADA,Financials,
RYM.NZ,RYMAN HEALTHCARE LTD,Health Care,
S32.AX,SOUTH32 LTD,Materials,
S63.SI,SINGAPORE TECHNOLOGIES ENGINEERING,Industrials,
S68.SI,SINGAPORE EXCHANGE LTD,Financials,
SAF.PA,SAFRAN SA,Industrials,
SAM,BOSTON BEER INC CLASS A,Consumer Staples,
SAMPO.HE,SAMPO,Financials,
SAN.MC,BANCO SANTANDER SA,Financials,
SAN.PA,SANOFI SA,Health Care,
SAND.ST,SANDVIK,Industrials,
SAP.DE,SAP,Information Technology,
SAP.TO,SAPUTO INC,Consumer Staples,
SBAC,SBA COMMUNICATIONS REIT CORP CLASS,Real Estate,
SBRY.L,SAINSBURY(J) PLC,Consumer Staples,
SBUX,STARBUCKS CORP,Consumer Discretionary,
SCA-B.ST,SVENSKA CELLULOSA B,Materials,
SCG.AX,SCENTRE GROUP,Real Estate,
SCHA.OL,SCHIBSTED CLASS A,Communication,
SCHB.OL,SCHIBSTED B,Communication,
SCHN.SW,SCHINDLER HOLDING AG,Industrials,
SCHP.SW,SCHINDLER HOLDING PAR AG,Industrials,
SCHW,CHARLES SCHWAB CORP,Financials,
SCMN.SW,SWISSCOM AG,Communication,
SCR.PA,SCOR,Financials,
SDR.L,SCHRODERS PLC,Financials,
SE,SEA ADS REPRESENTING LTD CLASS A,Communication,
SEB-A.ST,SKANDINAVISKA ENSKILDA BANKEN,Financials,
SECU-B.ST,SECURITAS B,Industrials,
SEDG,SOLAREDGE TECHNOLOGIES INC,Information Technology,
SEE,SEALED AIR CORP,Materials,
SEIC,SEI INVESTMENTS,Financials,
SEK.AX,SEEK LTD,Communication,
SEV.PA,SUEZ SA,Utilities,
SGE.L,SAGE GROUP PLC,Information Technology,
SGEN,SEAGEN INC,Health Care,
SGO.PA,COMPAGNIE DE SAINT GOBAIN SA,Industrials,
SGP.AX,STOCKLAND STAPLED UNITS LTD,Real Estate,
SGRE.MC,SIEMENS GAMESA RENEWABLE ENERGY SA,Industrials,
SGRO.L,SEGRO REIT PLC,Real Estate,
SGSN.SW,SGS SA,Industrials,
SHB-A.ST,SVENSKA HANDELSBANKEN-A SHS,Financials,
SHL.AX,SONIC HEALTHCARE LTD,Health Care,
SHL.DE,SIEMENS HEALTHINEERS AG,Health Care,
SHOP.TO,SHOPIFY SUBORDINATE VOTING INC CLA,Information Technology,
SHW,SHERWIN WILLIAMS,Materials,
SIE.DE,SIEMENS N AG,Industrials,
SIKA.SW,SIKA AG,Materials,
SINCH.ST,SINCH,Information Technology,
SIRI,SIRIUS XM HOLDINGS INC,Communication,
SIVB,SVB FINANCIAL GROUP,Financials,
SJM,JM SMUCKER,Consumer Staples,
SJR.B.TO,SHAW COMMUNICATIONS INC CLASS B,Communication,
SK.PA,SEB SA,Consumer Discretionary,
SK3,SMURFIT KAPPA GROUP PLC,Materials,
SKA-B.ST,SKANSKA B,Industrials,
SKF-B.ST,SKF B,Industrials,
SLB,SCHLUMBERGER NV,Energy,
SLF.TO,SUN LIFE FINANCIAL INC,Financials,
SLHN.SW,SWISS LIFE HOLDING AG,Financials,
SMIN.L,SMITHS GROUP PLC,Industrials,
SN..L,SMITH AND NEPHEW PLC,Health Care,
SNA,SNAP ON INC,Industrials,
SNAP,SNAP INC CLASS A,Communication,
SNOW,SNOWFLAKE CLASS A,Information Technology,
SNPS,SYNOPSYS INC,Information Technology,
SO,SOUTHERN,Utilities,
SOF.BR,SOFINA SA,Financials,
SOL.AX,WASHINGTON H SOUL PATTINSON & COMP,Energy,
SOLB.BR,SOLVAY SA,Materials,
SOON.SW,SONOVA HOLDING AG,Health Care,
SPG,SIMON PROPERTY GROUP REIT INC,Real Estate,
SPGI,S&P GLOBAL INC,Financials,
SPK.NZ,SPARK NEW ZEALAND LTD,Communication,
SPLK,SPLUNK INC,Information Technology,
SPSN.SW,SWISS PRIME SITE AG,Real Estate,
SPX.L,SPIRAX-SARCO ENGINEERING PLC,Industrials,
SQ,SQUARE INC CLASS A,Information Technology,
SRE,SEMPRA,Utilities,
SREN.SW,SWISS RE AG,Financials,
SRG.MI,SNAM,Utilities,
SRT3.DE,SARTORIUS PREF AG,Health Care,
SSE.L,SSE PLC,Utilities,
SSNC,SS AND C TECHNOLOGIES HOLDINGS INC,Information Technology,
ST.L,SENSATA TECHNOLOGIES HOLDING PLC,Industrials,
STAN.L,STANDARD CHARTERED PLC,Financials,
STE,STERIS,Health Care,
STERV.HE,STORA ENSO CLASS R,Materials,
STJ.L,ST JAMESS PLACE PLC,Financials,
STLA.AS,STELLANTIS NV,Consumer Discretionary,
STLD,STEEL DYNAMICS INC,Materials,
STM,STMICROELECTRONICS NV,Information Technology,
STMN.SW,STRAUMANN HOLDING AG,Health Care,
STO.AX,SANTOS LTD,Energy,
STT,STATE STREET CORP,Financials,
STX,SEAGATE TECHNOLOGY HOLDINGS PLC,Information Technology,
STZ,CONSTELLATION BRANDS INC CLASS A,Consumer Staples,
SU.PA,SCHNEIDER ELECTRIC,Industrials,
SU.TO,SUNCOR ENERGY INC,Energy,
SUI,SUN COMMUNITIES REIT INC,Real Estate,
SUN.AX,SUNCORP GROUP LTD,Financials,
SVT.L,SEVERN TRENT PLC,Utilities,
SW.PA,SODEXO SA,Consumer Discretionary,
SWED-A.ST,SWEDBANK,Financials,
SWK,STANLEY BLACK & DECKER INC,Industrials,
SWKS,SKYWORKS SOLUTIONS INC,Information Technology,
SWMA.ST,SWEDISH MATCH,Consumer Staples,
SY1.DE,SYMRISE AG,Materials,
SYD.AX,SYDNEY AIRPORT STAPLED UNITS LTD,Industrials,
SYF,SYNCHRONY FINANCIAL,Financials,
SYK,STRYKER CORP,Health Care,
SYY,SYSCO CORP,Consumer Staples,
T,AT&T INC,Communication,
T.TO,TELUS CORP,Communication,
TAH.AX,TABCORP HOLDINGS LTD,Consumer Discretionary,
TAP,MOLSON COORS BREWING CLASS B,Consumer Staples,
TCL.AX,TRANSURBAN GROUP STAPLED UNITS,Industrials,
TD.TO,TORONTO DOMINION,Financials,
TDG,TRANSDIGM GROUP INC,Industrials,
TDOC,TELADOC HEALTH INC,Health Care,
TDY,TELEDYNE TECHNOLOGIES INC,Information Technology,
TECH,BIO TECHNE CORP,Health Care,
TECK-B.TO,TECK RESOURCES SUBORDINATE VOTING,Materials,
TEF.MC,TELEFONICA SA,Communication,
TEL.OL,TELENOR,Communication,
TEL.SW,TE CONNECTIVITY LTD,Information Technology,
TEL2-B.ST,TELE2 B,Communication,
TELIA.ST,TELIA COMPANY,Communication,
TEMN.SW,TEMENOS AG,Information Technology,
TEN,TENARIS SA,Energy,
TEP.PA,TELEPERFORMANCE,Industrials,
TER,TERADYNE INC,Information Technology,
TEVA.TA,TEVA PHARMACEUTICAL INDUSTRIES LTD,Health Care,
TFC,TRUIST FINANCIAL CORP,Financials,
TFX,TELEFLEX INC,Health Care,
TGT,TARGET CORP,Consumer Discretionary,
TIH.TO,TOROMONT INDUSTRIES LTD,Industrials,
TIT.MI,TELECOM ITALIA,Communication,
TITR.MI,TELECOM ITALIA SAVING,Communication,
TJX,TJX INC,Consumer Discretionary,
TKWY.AS,JUST EAT TAKEAWAY.COM NV,Consumer Discretionary,
TLS.AX,TELSTRA CORPORATION LTD,Communication,
TMO,THERMO FISHER SCIENTIFIC INC,Health Care,
TMUS,T MOBILE US INC,Communication,
TMV.DE,TEAMVIEWER AG,Information Technology,
TRI.TO,THOMSON REUTERS CORP,Industrials,
TRMB,TRIMBLE INC,Information Technology,
TRN.MI,TERNA RETE ELETTRICA NAZIONALE,Utilities,
TROW,T ROWE PRICE GROUP INC,Financials,
TRP.TO,TC ENERGY CORP,Energy,
TRU,TRANSUNION,Industrials,
TRV,TRAVELERS COMPANIES INC,Financials,
TRYG.CO,TRYG,Financials,
TSCO,TRACTOR SUPPLY,Consumer Discretionary,
TSCO.L,TESCO PLC,Consumer Staples,
TSLA,TESLA INC,Consumer Discretionary,
TSN,TYSON FOODS INC CLASS A,Consumer Staples,
TT,TRANE TECHNOLOGIES PLC,Industrials,
TTD,TRADE DESK INC CLASS A,Information Technology,
TTE.PA,TOTALENERGIES,Energy,
TTWO,TAKE TWO INTERACTIVE SOFTWARE INC,Communication,
TW,TRADEWEB MARKETS INC CLASS A,Financials,
TW.L,TAYLOR WIMPEY PLC,Consumer Discretionary,
TWE.AX,TREASURY WINE ESTATES LTD,Consumer Staples,
TWLO,TWILIO INC CLASS A,Information Technology,
TWTR,TWITTER INC,Communication,
TXG,10X GENOMICS INC CLASS A,Health Care,
TXN,TEXAS INSTRUMENT INC,Information Technology,
TXT,TEXTRON INC,Industrials,
TYL,TYLER TECHNOLOGIES INC,Information Technology,
U,UNITY SOFTWARE INC,Information Technology,
U11.SI,UNITED OVERSEAS BANK LTD,Financials,
UBER,UBER TECHNOLOGIES INC,Industrials,
UBI.PA,UBISOFT ENTERTAINMENT SA CAT A,Communication,
UBSG.SW,UBS GROUP AG,Financials,
UCB.BR,UCB SA,Health Care,
UCG.MI,UNICREDIT,Financials,
UDR,UDR REIT INC,Real Estate,
UGI,UGI CORP,Utilities,
UHAL,AMERCO,Industrials,
UHR.SW,THE SWATCH GROUP AG,Consumer Discretionary,
UHRN.SW,THE SWATCH GROUP AG,Consumer Discretionary,
UHS,UNIVERSAL HEALTH SERVICES INC CLAS,Health Care,
ULTA,ULTA BEAUTY INC,Consumer Discretionary,
ULVR.L,UNILEVER PLC,Consumer Staples,
UMI.BR,UMICORE SA,Materials,
UN01.DE,UNIPER,Utilities,
UNH,UNITEDHEALTH GROUP INC,Health Care,
UNP,UNION PACIFIC CORP,Industrials,
UPM.HE,UPM-KYMMENE,Materials,
UPS,UNITED PARCEL SERVICE INC CLASS B,Industrials,
URI,UNITED RENTALS INC,Industrials,
URW.PA,UNIBAIL RODAMCO WE STAPLED UNITS,Real Estate,
USB,US BANCORP,Financials,
UTDI.DE,UNITED INTERNET AG,Communication,
UU..L,UNITED UTILITIES GROUP PLC,Utilities,
V,VISA INC CLASS A,Information Technology,
V03.SI,VENTURE CORPORATION LTD,Information Technology,
VCX.AX,VICINITY CENTRES,Real Estate,
VEEV,VEEVA SYSTEMS INC CLASS A,Health Care,
VER,VEREIT INC,Real Estate,
VER.VI,VERBUND AG,Utilities,
VFC,VF CORP,Consumer Discretionary,
VIAC,VIACOMCBS INC CLASS B,Communication,
VICI,VICI PPTYS INC,Real Estate,
VIE.PA,VEOLIA ENVIRON. SA,Utilities,
VIFN.SW,VIFOR PHARMA AG,Health Care,
VIV.PA,VIVENDI,Communication,
VLO,VALERO ENERGY CORP,Energy,
VMC,VULCAN MATERIALS,Materials,
VMW,VMWARE CLASS A INC,Information Technology,
VNA.DE,VONOVIA SE,Real Estate,
VNO,VORNADO REALTY TRUST REIT,Real Estate,
VOD.L,VODAFONE GROUP PLC,Communication,
VOE.VI,VOESTALPINE AG,Materials,
VOLV-A.ST,VOLVO CLASS A,Industrials,
VOLV-B.ST,VOLVO CLASS B,Industrials,
VOW.DE,VOLKSWAGEN AG,Consumer Discretionary,
VOW3.DE,VOLKSWAGEN NON-VOTING PREF AG,Consumer Discretionary,
VOYA,VOYA FINANCIAL INC,Financials,
VPK.AS,KONINKLIJKE VOPAK NV,Energy,
VRSK,VERISK ANALYTICS INC,Industrials,
VRSN,VERISIGN INC,Information Technology,
VRTX,VERTEX PHARMACEUTICALS INC,Health Care,
VST,VISTRA CORP,Utilities,
VTR,VENTAS REIT INC,Real Estate,
VTRS,VIATRIS INC,Health Care,
VWS.CO,VESTAS WIND SYSTEMS,Industrials,
VZ,VERIZON COMMUNICATIONS INC,Communication,
W,WAYFAIR INC CLASS A,Consumer Discretionary,
WAB,WESTINGHOUSE AIR BRAKE TECHNOLOGIE,Industrials,
WAT,WATER CORP,Health Care,
WBA,WALGREEN BOOTS ALLIANCE INC,Consumer Staples,
WBC.AX,WESTPAC BANKING CORPORATION CORP,Financials,
WCN.TO,WASTE CONNECTIONS INC,Industrials,
WDAY,WORKDAY INC CLASS A,Information Technology,
WDC,WESTERN DIGITAL CORP,Information Technology,
WEC,WEC ENERGY GROUP INC,Utilities,
WEED.TO,CANOPY GROWTH CORP,Health Care,
WELL,WELLTOWER INC,Real Estate,
WES.AX,WESFARMERS LTD,Consumer Discretionary,
WFC,WELLS FARGO,Financials,
WFG.TO,WEST FRASER TIMBER LTD,Materials,
WHR,WHIRLPOOL CORP,Consumer Discretionary,
WIX,WIX.COM LTD,Information Technology,
WKL.AS,WOLTERS KLUWER NV,Industrials,
WLN.PA,WORLDLINE SA,Information Technology,
WLTW,WILLIS TOWERS WATSON PLC,Financials,
WM,WASTE MANAGEMENT INC,Industrials,
WMB,WILLIAMS INC,Energy,
WMT,WALMART INC,Consumer Staples,
WN.TO,GEORGE WESTON LTD,Consumer Staples,
WOW.AX,WOOLWORTHS GROUP LTD,Consumer Staples,
WPC,W. P. CAREY REIT INC,Real Estate,
WPL.AX,WOODSIDE PETROLEUM LTD,Energy,
WPM.TO,WHEATON PRECIOUS METALS CORP,Materials,
WPP,WPP PLC,Communication,
WRB,WR BERKLEY CORP,Financials,
WRK,WESTROCK,Materials,
WRT1V.HE,WARTSILA,Industrials,
WSP.TO,WSP GLOBAL INC,Industrials,
WST,WEST PHARMACEUTICAL SERVICES INC,Health Care,
WTB.L,WHITBREAD PLC,Consumer Discretionary,
WTC.AX,WISETECHGLOBAL PTY LTD,Information Technology,
WTRG,ESSENTIAL UTILITIES INC,Utilities,
WU,WESTERN UNION,Information Technology,
WY,WEYERHAEUSER REIT,Real Estate,
WYNN,WYNN RESORTS LTD,Consumer Discretionary,
X.TO,TMX GROUP LTD,Financials,
XEL,XCEL ENERGY INC,Utilities,
XLNX,XILINX INC,Information Technology,
XOM,EXXON MOBIL CORP,Energy,
XRAY,DENTSPLY SIRONA INC,Health Care,
XRO.NZ,XERO LTD,Information Technology,
XYL,XYLEM INC,Industrials,
Y,ALLEGHANY CORP,Financials,
YAR.OL,YARA INTERNATIONAL,Materials,
YRI.TO,YAMANA GOLD INC,Materials,
YUM,YUM BRANDS INC,Consumer Discretionary,
Z,ZILLOW GROUP INC CLASS C,Communication,
Z74.SI,SINGAPORE TELECOMMUNICATIONS LTD,Communication,
ZAL.DE,ZALANDO,Consumer Discretionary,
ZBH,ZIMMER BIOMET HOLDINGS INC,Health Care,
ZBRA,ZEBRA TECHNOLOGIES CORP CLASS A,Information Technology,
ZEN,ZENDESK INC,Information Technology,
ZG,ZILLOW GROUP INC CLASS A,Communication,
ZM,ZOOM VIDEO COMMUNICATIONS INC CLAS,Information Technology,
ZS,ZSCALER INC,Information Technology,
ZTS,ZOETIS INC CLASS A,Health Care,
ZURN.SW,ZURICH INSURANCE GROUP AG,Financials,
